topic,Baseline,Proposed,Iter-1,Iter-2
porterville,Where is Porterville located?,What is the population size of Porterville?,What is the population size of Porterville?,What is the population size of Porterville?
rick warren,Who is Rick Warren and what specific topic or event are you referring to?,What church did Rick Warren found?,What church did Rick Warren found?,What city did Rick Warren found the church in?
adobe indian houses,"Can you provide more details about what specifically you would like to know about Adobe Indian Houses, such as their architectural features or historical significance?",What construction materials were typically used to build Adobe Indian houses?,What construction materials were typically used to build Adobe Indian houses?,What building techniques were typically used to construct Adobe Indian houses?
indexed annuity,"Annuities are financial products that provide guaranteed income for retirement, but what specific type of annuity is being referred to - fixed or variable?",What is an indexed annuity?,What is an indexed annuity?,What investment product is an indexed annuity?
bellevue,Where is Bellevue located?,What substance abuse treatment center is near Bellevue?,What substance abuse treatment center is near Bellevue?,What substance abuse treatment center has a focus on treating individuals in Bellevue?
elliptical trainer,"What specific features are you looking for in an elliptical trainer, such as resistance levels, stride length, or weight capacity?",What types of workouts can be performed on an elliptical trainer?,What types of workouts can be performed on an elliptical trainer?,What types of cardiovascular exercises can be performed on an elliptical trainer?
alexian brothers hospital,What specific location or branch of Alexian Brothers Hospital are you inquiring about?,What services are offered at Alexian Brothers Hospital?,What services are offered at Alexian Brothers Hospital?,What services are offered at Alexian Brothers Hospital?
dutchess county tourism,What specific attractions or activities are available in Dutchess County for tourists?,What attractions and activities can I find in Dutchess County Tourism?,What attractions and activities can I find in Dutchess County Tourism?,What tourist information can I find about attractions and activities in Dutchess County Tourism?
california franchise tax board,What specific services or resources does the California Franchise Tax Board provide for businesses and individuals in the state?,What California Franchise Tax Board regulations apply to small business deductions?,What California Franchise Tax Board regulations apply to small business deductions?,"What California Franchise Tax Board regulations apply to small business deductions, and what eligibility criteria must be met in order to claim these deductions?"
to be or not to be that is the question,What specific situation are you referring to when asking about whether it's better to exist or not in this context?,"What existential dilemma is ""to be or not to be"" referring to?","What existential dilemma is ""to be or not to be"" referring to?","What existential dilemma is ""to be or not to be"" referring to?"
