topic,Baseline,OneStep,Iter-1,Iter-2,Iter-Final,Iter-Steps
porterville,"Is Porterville a specific city or location you're referring to, such as in California?",What specific information do you want to know about porterville?,What specific information do you want to know about porterville?,"What is the intended meaning of ""porterville"" in this context?","What is the intended meaning of ""porterville"" in this context?",3
rick warren,Is Rick Warren's focus on spiritual growth and leadership primarily geared towards Christians or also applicable to other faiths?,What specific information do you want to know about rick warren?,What specific information do you want to know about rick warren?,What is the intended meaning of Rick Warren's teachings on Christianity?,What is the intended meaning of Rick Warren's teachings on Christianity?,3
adobe indian houses,"What specific type of Adobe Indian house are you referring to, such as a Pueblo or Anasazi dwelling?",What type of traditional Indian houses are commonly associated with Adobe construction?,What type of traditional Indian houses are commonly associated with Adobe construction?,What role did traditional Indian houses play in the daily lives of their occupants?,What role did traditional Indian houses play in the daily lives of their occupants?,3
indexed annuity,"Is an indexed annuity specifically tied to a particular market index, such as the S&P 500?",What specific information do you want to know about indexed annuity?,What specific information do you want to know about indexed annuity?,,What specific information do you want to know about indexed annuity?,2
bellevue,Is Bellevue referring to the city in Washington state or another location?,What specific information do you want to know about bellevue?,What specific information do you want to know about bellevue?,"What is the intended meaning of ""Bellevue"" in this context?","What is the intended meaning of ""Bellevue"" in this context?",3
elliptical trainer,"Is there a specific type of elliptical trainer (e.g. home gym, commercial use, budget range) you are looking for more information on?",What specific information do you want to know about elliptical trainer?,What specific information do you want to know about elliptical trainer?,What is the intended purpose of an elliptical trainer?,What is the intended purpose of an elliptical trainer?,3
alexian brothers hospital,"Is Alexian Brothers Hospital located in Peoria, Illinois?",What is the role of Alexian Brothers Hospital in providing healthcare services to the community?,What is the role of Alexian Brothers Hospital in providing healthcare services to the community?,What notable medical innovation did Alexian Brothers Hospital develop?,What notable medical innovation did Alexian Brothers Hospital develop?,3
dutchess county tourism,Is Dutchess County in New York State?,"What nearby attractions are there in Dutchess County that complement its rich history, scenic landscapes, and cultural events?",What nearby attractions are there in Dutchess County that complement its historic sites and natural beauty?,What seasonal events are typically held in Dutchess County?,What seasonal events are typically held in Dutchess County?,3
california franchise tax board,"Is the California Franchise Tax Board (FTB) primarily responsible for taxing businesses operating in California, or are there specific industries or types of businesses that may be subject to different tax regulations?",What is the name of the California state agency responsible for administering the franchise tax?,What is the name of the California state agency responsible for administering the franchise tax?,What role does the California Franchise Tax Board play in enforcing tax laws for businesses operating within the state?,What role does the California Franchise Tax Board play in enforcing tax laws for businesses operating within the state?,3
to be or not to be that is the question,"Is this a philosophical inquiry about existentialism, specifically referencing Shakespeare's Hamlet?","What is the context in which Shakespeare's famous phrase ""to be or not to be"" appears?","What is the context in which Shakespeare's famous phrase ""to be or not to be"" appears?","What philosophical framework is Hamlet's famous soliloquy ""To be or not to be"" primarily rooted in?","What philosophical framework is Hamlet's famous soliloquy ""To be or not to be"" primarily rooted in?",3
