topic,num_unique_questions
403b,14
adobe indian houses,11
afghanistan,12
air travel information,14
alexian brothers hospital,13
all men are created equal,14
american military university,14
angular cheilitis,12
appraisals,12
arizona game and fish,16
arkadelphia health club,15
arkansas,14
atari,12
atypical squamous cells,11
avp,17
barbados,14
bart sf,13
battles in the civil war,11
becoming a paralegal,15
bellevue,15
best long term care insurance,13
black history,12
blue throated hummingbird,16
bobcat,16
bowflex power pro,14
brooks brothers clearance,14
butter and margarine,13
california franchise tax board,10
cass county missouri,14
cell phones,12
cheap internet,14
churchill downs,12
civil right movement,12
computer programming,13
condos in florida,12
continental plates,13
credit report,15
ct jobs,13
culpeper national cemetery,13
dangers of asbestos,14
defender,14
designer dog breeds,15
diabetes education,14
dieting,15
dinosaurs,12
discovery channel store,12
disneyland hotel,12
diversity,13
djs,13
dnr,14
dog clean up bags,16
dog heat,12
dogs for adoption,13
dutchess county tourism,11
east ridge high school,12
electronic skeet shoot,16
elliptical trainer,14
equal opportunity employer,14
er tv show,15
espn sports,15
euclid,12
fact on uranus,12
fickle creek farm,8
figs,15
flame designs,14
flushing,14
forearm pain,14
french lick resort and casino,14
furniture for small spaces,14
fybromyalgia,12
getting organized,11
gmat prep classes,15
gps,14
grilling,16
gs pay rate,14
hip fractures,12
hobby stores,16
hoboken,13
horse hooves,14
how to build a fence,11
hp mini 2140,12
idaho state flower,14
illinois state tax,14
income tax return online,15
indexed annuity,14
indiana child support,12
indiana state fairgrounds,13
internet phone service,14
interview thank you,12
inuyasha,17
iowa food stamp program,13
iron,16
jax chemical company,13
joints,15
kansas city mo,15
kcs,13
kenmore gas water heater,13
keyboard reviews,14
kiwi,12
korean language,12
last supper painting,14
lipoma,16
living in india,14
lower heart rate,15
lymphoma in dogs,13
madam cj walker,13
map,15
map of brazil,14
map of the united states,16
martha stewart and imclone,13
mayo clinic jacksonville fl,15
memory,13
mgb,11
michworks,13
milwaukee journal sentinel,13
mitchell college,13
mothers day songs,14
moths,13
neil young,11
newyork hotels,12
obama family tree,12
ocd,11
old coins,11
ontario california airport,18
orange county convention center,11
pacific northwest laboratory,15
pampered chef,12
penguins,17
pocono,14
poem in your pocket day,11
poker tournaments,10
pork tenderloin,13
porterville,14
president of the united states,12
pressure washers,11
ps 2 games,15
pvc,16
quit smoking,11
raffles,17
raised gardens,15
ralph owen brewster,12
rice,14
rick warren,13
ritz carlton lake las vegas,14
rock and gem shows,15
rock art,14
rocky mountain news,15
ron howard,14
sat,15
satellite,15
scooters,13
septic system design,16
sewing instructions,13
sherwood regional library,11
signs of a heartattack,14
sit and reach test,11
solar panels,9
sonoma county medical services,11
sore throat,13
source of the nile,12
south africa,12
starbucks,16
tangible personal property tax,13
texas border patrol,11
the beatles rock band,12
the current,7
the music man,14
the secret garden,13
the sun,12
the wall,14
titan,15
tn highway patrol,15
to be or not to be that is the question,13
toilet,16
tornadoes,11
trombone for sale,13
tv on computer,9
unc,14
universal animal cuts reviews,13
university of phoenix,9
uplift at yellowstone national park,14
us capitol map,13
used car parts,15
uss yorktown charleston sc,13
va dmv registration,13
vanuatu,11
vines for shade,14
vldl levels,15
volvo,17
von willebrand disease,11
voyager,13
weather strip,12
website design hosting,15
wedding budget calculator,13
who invented music,13
wilson antenna,13
worm,14
yahoo,13
